user_id,onboarding_completed,churn_risk_score
2446,0,0.651
2301,0,0.651
2490,0,0.651
760,0,0.651
822,0,0.651
1375,0,0.651
2606,0,0.65
1060,0,0.65
541,0,0.649
387,0,0.648
1508,0,0.648
1970,0,0.648
2030,0,0.647
1632,0,0.646
1681,0,0.646
2889,0,0.645
1828,0,0.645
1933,0,0.645
2977,0,0.645
345,0,0.645
1007,0,0.644
2894,0,0.644
235,0,0.644
2174,0,0.644
912,0,0.644
530,0,0.644
2810,0,0.644
1590,0,0.644
1620,0,0.644
1033,0,0.643
2475,0,0.643
2477,0,0.643
1568,0,0.643
728,0,0.643
2755,0,0.643
2658,0,0.643
2338,0,0.643
2245,0,0.643
1749,0,0.642
2914,0,0.642
1721,0,0.642
2929,0,0.642
1492,0,0.642
2506,0,0.642
1142,0,0.642
938,0,0.642
133,0,0.642
2560,0,0.641
1140,0,0.641
1991,0,0.641
31,0,0.641
1218,0,0.641
449,0,0.641
2414,0,0.641
2435,0,0.641
1411,0,0.641
2691,0,0.641
1601,0,0.641
250,0,0.641
1050,0,0.641
1956,0,0.641
2053,0,0.64
1527,0,0.64
2377,0,0.64
114,0,0.64
886,0,0.64
1705,0,0.64
439,0,0.64
2179,0,0.64
2635,0,0.64
2110,0,0.64
1546,0,0.64
1561,0,0.64
1982,0,0.64
2299,0,0.64
1769,0,0.639
2900,0,0.639
1288,0,0.639
357,0,0.639
2002,0,0.639
569,0,0.639
1602,0,0.639
320,0,0.639
2148,0,0.639
2922,0,0.638
462,0,0.638
618,0,0.638
2861,0,0.638
1699,0,0.638
915,0,0.638
370,0,0.638
1061,0,0.638
1281,0,0.638
1344,0,0.638
2544,0,0.638
1172,0,0.638
2765,0,0.638
475,0,0.637
2451,0,0.637
1525,0,0.637
121,0,0.637
1289,0,0.637
917,0,0.637
1983,0,0.637
1922,0,0.637
2871,0,0.637
1772,0,0.637
1476,0,0.637
221,0,0.637
2115,0,0.637
1045,0,0.637
840,0,0.637
153,0,0.637
741,0,0.636
2070,0,0.636
1960,0,0.636
550,0,0.636
678,0,0.636
1692,0,0.636
255,0,0.636
1523,0,0.636
1095,0,0.636
2046,0,0.636
2075,0,0.636
1020,0,0.636
1664,0,0.636
927,0,0.636
2364,0,0.636
1367,0,0.636
721,0,0.636
2365,0,0.636
1386,0,0.636
1778,0,0.636
2892,0,0.636
710,0,0.636
2418,0,0.635
1687,0,0.635
481,0,0.635
2449,0,0.635
6,0,0.635
145,0,0.635
797,0,0.635
2668,0,0.635
2679,0,0.635
993,0,0.635
2704,0,0.635
230,0,0.635
291,0,0.635
1118,0,0.635
2779,0,0.635
2777,0,0.635
2439,0,0.634
1573,0,0.634
473,0,0.634
1390,0,0.634
2257,0,0.634
873,0,0.634
735,0,0.634
1360,0,0.634
716,0,0.634
1985,0,0.634
2985,0,0.634
1918,0,0.634
509,0,0.634
561,0,0.634
92,0,0.634
600,0,0.634
321,0,0.634
793,0,0.634
1313,0,0.634
2663,0,0.634
2860,0,0.634
1205,0,0.634
2696,0,0.634
1201,0,0.634
1275,0,0.634
2419,0,0.633
1010,0,0.633
918,0,0.633
988,0,0.633
1955,0,0.633
386,0,0.633
1482,0,0.633
228,0,0.633
1096,0,0.633
1133,0,0.633
814,0,0.633
163,0,0.633
1894,0,0.633
1364,0,0.633
1419,0,0.633
2356,0,0.633
237,0,0.633
107,0,0.633
1062,0,0.633
2546,0,0.633
379,0,0.633
2211,0,0.633
2189,0,0.633
2992,0,0.632
484,0,0.632
929,0,0.632
2185,0,0.632
273,0,0.632
2556,0,0.632
1032,0,0.632
82,0,0.632
73,0,0.632
1310,0,0.632
1171,0,0.632
874,0,0.632
2259,0,0.632
303,0,0.632
1855,0,0.632
2134,0,0.632
2688,0,0.632
2967,0,0.632
1600,0,0.631
582,0,0.631
21,0,0.631
296,0,0.631
786,0,0.631
2386,0,0.631
2591,0,0.631
534,0,0.631
1659,0,0.631
773,0,0.631
493,0,0.631
41,0,0.631
2970,0,0.631
5,0,0.631
647,0,0.631
351,0,0.631
2719,0,0.631
307,0,0.631
2095,0,0.631
2975,0,0.631
2613,0,0.631
1286,0,0.631
1225,0,0.631
1910,0,0.631
479,0,0.63
611,0,0.63
2567,0,0.63
143,0,0.63
2487,0,0.63
1494,0,0.63
2780,0,0.63
526,0,0.63
1292,0,0.63
422,0,0.63
154,0,0.63
2495,0,0.63
2976,0,0.63
1896,0,0.63
2835,0,0.63
2517,0,0.63
44,0,0.63
438,0,0.63
60,0,0.629
2911,0,0.629
1174,0,0.629
1842,0,0.629
23,0,0.629
2939,0,0.629
1884,0,0.629
2492,0,0.629
2888,0,0.629
1890,0,0.629
2883,0,0.629
783,0,0.629
2242,0,0.629
1071,0,0.629
1608,0,0.629
108,0,0.629
1646,0,0.628
2019,0,0.628
2761,0,0.628
731,0,0.628
2317,0,0.628
399,0,0.628
2633,0,0.628
2657,0,0.628
2039,0,0.628
274,0,0.628
1829,0,0.628
1247,0,0.628
1066,0,0.628
447,0,0.628
1505,0,0.627
2965,0,0.627
2519,0,0.627
181,0,0.627
2736,0,0.627
1127,0,0.627
790,0,0.627
1075,0,0.627
899,0,0.627
2217,0,0.627
819,0,0.627
2068,0,0.627
1513,0,0.627
30,0,0.627
2440,0,0.627
1714,0,0.626
2279,0,0.626
804,0,0.626
1101,0,0.626
852,0,0.626
443,0,0.626
312,0,0.626
1309,0,0.626
1566,0,0.626
1115,0,0.626
2319,0,0.626
265,0,0.626
1707,0,0.626
138,0,0.626
463,0,0.626
1839,0,0.626
2295,0,0.626
1873,0,0.626
863,0,0.626
1283,0,0.625
2645,0,0.625
1284,0,0.625
2024,0,0.625
295,0,0.625
2009,0,0.625
514,0,0.625
520,0,0.625
2545,0,0.625
490,0,0.625
2152,0,0.625
1944,0,0.625
2144,0,0.625
187,0,0.625
1640,0,0.625
88,0,0.625
2602,0,0.625
1952,0,0.625
1559,0,0.625
1724,0,0.625
290,0,0.625
1365,0,0.625
2493,0,0.625
1953,0,0.625
450,0,0.624
1826,0,0.624
428,0,0.624
2758,0,0.624
1063,0,0.624
815,0,0.624
2059,0,0.624
2923,0,0.624
499,0,0.624
1226,0,0.624
1997,0,0.624
2368,0,0.624
1468,0,0.624
2774,0,0.624
2778,0,0.624
1756,0,0.624
1402,0,0.624
1177,0,0.624
2006,0,0.624
1290,0,0.624
807,0,0.624
2276,0,0.624
626,0,0.623
2838,0,0.623
2686,0,0.623
279,0,0.623
2908,0,0.623
368,0,0.623
2067,0,0.623
404,0,0.623
539,0,0.623
694,0,0.623
1414,0,0.623
2240,0,0.623
1609,0,0.623
2232,0,0.622
2767,0,0.622
155,0,0.622
2017,0,0.622
2060,0,0.622
2803,0,0.622
1672,0,0.622
2208,0,0.622
2484,0,0.622
341,0,0.622
2716,0,0.622
1875,0,0.621
1966,0,0.621
2934,0,0.621
1073,0,0.621
1086,0,0.621
2721,0,0.621
2483,0,0.621
305,0,0.621
1639,0,0.621
2652,0,0.621
2218,0,0.621
2204,0,0.621
2930,0,0.62
879,0,0.62
890,0,0.62
451,0,0.62
2852,0,0.62
1833,0,0.62
2949,0,0.62
578,0,0.62
1170,0,0.62
2292,0,0.62
861,0,0.62
1417,0,0.62
1107,0,0.62
1164,0,0.62
1486,0,0.62
435,0,0.62
2015,0,0.62
248,0,0.619
252,0,0.619
1383,0,0.619
420,0,0.619
2258,0,0.619
704,0,0.619
2111,0,0.619
1806,0,0.619
978,0,0.619
1261,0,0.619
1015,0,0.619
206,0,0.618
1881,0,0.618
1972,0,0.618
1862,0,0.618
2157,0,0.618
453,0,0.618
2931,0,0.618
1543,0,0.618
171,0,0.618
37,0,0.617
553,0,0.617
1031,0,0.617
2601,0,0.617
1182,0,0.617
409,0,0.617
170,0,0.617
2088,0,0.617
391,0,0.617
1100,0,0.617
194,0,0.617
2599,0,0.617
1434,0,0.617
726,0,0.617
207,0,0.617
374,0,0.617
594,0,0.616
2486,0,0.616
99,0,0.616
1928,0,0.616
2829,0,0.616
2700,0,0.616
15,0,0.616
2256,0,0.616
1030,0,0.616
375,0,0.616
761,0,0.616
267,0,0.616
1765,0,0.616
781,0,0.616
1986,0,0.616
1159,0,0.616
1696,0,0.616
1433,0,0.616
2406,0,0.616
2254,0,0.615
987,0,0.615
1048,0,0.615
317,0,0.615
2371,0,0.615
2361,0,0.615
2411,0,0.615
2300,0,0.615
1831,0,0.615
2575,0,0.615
2595,0,0.615
2500,0,0.615
544,0,0.614
2329,0,0.614
617,0,0.614
1400,0,0.614
756,0,0.614
1937,0,0.613
2488,0,0.613
782,0,0.613
2153,0,0.612
926,0,0.612
1106,0,0.611
1846,0,0.611
1199,0,0.611
1103,0,0.611
563,0,0.611
2762,0,0.611
643,0,0.611
684,0,0.61
1315,0,0.61
2040,0,0.61
2187,0,0.61
963,0,0.61
2508,0,0.61
1459,0,0.609
2507,0,0.609
2572,0,0.609
672,0,0.609
991,0,0.609
423,0,0.608
2786,0,0.608
356,0,0.608
648,0,0.608
233,0,0.608
508,0,0.607
2935,0,0.607
86,0,0.607
1693,0,0.607
1231,0,0.607
659,0,0.607
2041,0,0.607
254,0,0.607
1189,0,0.607
2570,0,0.607
2938,0,0.606
1421,0,0.606
468,0,0.606
549,0,0.606
875,0,0.606
2436,0,0.606
205,0,0.605
2971,0,0.605
982,0,0.605
829,0,0.605
1394,0,0.605
1488,0,0.605
2953,0,0.605
1654,0,0.605
2959,0,0.604
2684,0,0.604
1827,0,0.604
1904,0,0.604
1161,0,0.604
2,0,0.604
757,0,0.604
3000,0,0.604
1168,0,0.604
38,0,0.604
2960,0,0.604
1774,0,0.604
1777,0,0.604
425,0,0.604
278,0,0.603
1237,0,0.603
1451,0,0.603
628,0,0.603
2438,0,0.603
1125,0,0.603
2163,0,0.603
2285,0,0.603
2551,0,0.603
933,0,0.602
1467,0,0.602
45,0,0.602
2644,0,0.602
2122,0,0.602
47,0,0.602
2942,0,0.602
1479,0,0.602
798,0,0.601
2305,0,0.601
2811,0,0.601
1820,0,0.601
1801,0,0.601
2176,0,0.601
598,0,0.601
2036,0,0.601
2531,0,0.601
1149,0,0.601
1685,0,0.601
1695,0,0.601
821,0,0.601
164,0,0.601
1228,0,0.601
419,0,0.601
246,0,0.601
983,0,0.601
2079,0,0.6
2286,0,0.6
1304,0,0.6
1294,0,0.6
2996,0,0.6
458,0,0.6
2399,0,0.6
661,0,0.6
2450,0,0.6
2834,0,0.6
1008,0,0.6
1987,0,0.6
1548,0,0.6
2191,0,0.6
1571,0,0.599
2920,0,0.599
2322,0,0.599
777,0,0.599
953,0,0.599
1689,0,0.599
1084,0,0.599
2610,0,0.599
120,0,0.599
1730,0,0.599
1022,0,0.599
1023,0,0.599
2126,0,0.598
1813,0,0.598
2580,0,0.598
999,0,0.598
2326,0,0.598
1351,0,0.598
638,0,0.598
738,0,0.598
1549,0,0.598
2239,0,0.598
1011,0,0.598
2074,0,0.598
2086,0,0.597
1943,0,0.597
1452,0,0.597
433,0,0.597
1857,0,0.597
2166,0,0.597
624,0,0.597
809,0,0.597
1599,0,0.596
732,0,0.596
1977,0,0.596
2998,0,0.596
285,0,0.596
363,0,0.596
2690,0,0.596
1333,0,0.596
1342,0,0.596
930,0,0.596
1491,0,0.596
796,0,0.596
50,0,0.596
457,0,0.596
2283,0,0.596
1208,0,0.596
36,0,0.595
2866,0,0.595
1193,0,0.595
16,0,0.595
2933,0,0.595
224,0,0.595
1456,0,0.595
1363,0,0.595
1234,0,0.595
1074,0,0.595
1141,0,0.595
1188,0,0.595
1562,0,0.595
2869,0,0.595
2772,0,0.595
1594,0,0.595
2857,0,0.595
2470,0,0.595
2902,0,0.594
247,0,0.594
2054,0,0.594
293,0,0.594
2381,0,0.594
1877,0,0.594
242,0,0.594
1121,0,0.594
634,0,0.594
2442,0,0.594
1416,0,0.594
2808,0,0.594
604,0,0.594
2312,0,0.594
799,0,0.594
144,0,0.593
1816,0,0.593
48,0,0.593
2499,0,0.593
2562,0,0.593
220,0,0.593
586,0,0.593
2706,0,0.593
1052,0,0.593
319,0,0.593
2963,0,0.593
2954,0,0.593
609,0,0.593
1110,0,0.593
538,0,0.593
2230,0,0.593
2521,0,0.593
1615,0,0.593
249,0,0.593
584,0,0.593
689,0,0.593
747,0,0.593
2129,0,0.593
826,0,0.593
1745,0,0.593
2568,0,0.593
2000,0,0.593
2175,0,0.593
968,0,0.593
1039,0,0.592
2640,0,0.592
1780,0,0.592
743,0,0.592
859,0,0.592
2532,0,0.592
1586,0,0.592
1013,0,0.592
2839,0,0.592
920,0,0.592
935,0,0.592
2032,0,0.592
657,0,0.592
1219,0,0.592
1751,0,0.592
824,0,0.592
1673,0,0.592
2821,0,0.592
2471,0,0.592
559,0,0.592
130,0,0.592
494,0,0.592
212,0,0.592
217,0,0.592
29,0,0.592
74,0,0.591
2906,0,0.591
1099,0,0.591
2294,0,0.591
1021,0,0.591
1018,0,0.591
32,0,0.591
2094,0,0.591
1382,0,0.591
2400,0,0.591
2193,0,0.591
1139,0,0.591
887,0,0.591
884,0,0.591
446,0,0.591
444,0,0.591
2564,0,0.591
698,0,0.591
2358,0,0.591
2182,0,0.59
1004,0,0.59
958,0,0.59
2141,0,0.59
1530,0,0.59
2820,0,0.59
767,0,0.59
914,0,0.59
2298,0,0.59
216,0,0.59
1001,0,0.59
1804,0,0.59
1046,0,0.59
1238,0,0.59
2671,0,0.59
1520,0,0.59
1661,0,0.59
1316,0,0.59
1538,0,0.59
1598,0,0.59
1603,0,0.59
2739,0,0.59
485,0,0.59
1713,0,0.59
456,0,0.59
1536,0,0.589
2510,0,0.589
911,0,0.589
2168,0,0.589
1844,0,0.589
2458,0,0.589
2979,0,0.589
1648,0,0.589
522,0,0.589
2215,0,0.589
1963,0,0.589
353,0,0.589
1929,0,0.589
670,0,0.589
1217,0,0.589
2581,0,0.589
2751,0,0.589
1448,0,0.589
2773,0,0.589
89,0,0.588
1094,0,0.588
2578,0,0.588
803,0,0.588
1285,0,0.588
127,0,0.588
969,0,0.588
2044,0,0.588
2038,0,0.588
1553,0,0.588
1,0,0.588
243,0,0.588
2461,0,0.588
1678,0,0.588
2674,0,0.588
1155,0,0.588
161,0,0.588
850,0,0.588
1216,0,0.588
2611,0,0.588
2617,0,0.588
1373,0,0.588
1167,0,0.588
1059,0,0.588
992,0,0.588
1509,0,0.588
1503,0,0.588
1674,0,0.588
2966,0,0.588
2854,0,0.588
2936,0,0.588
2116,0,0.588
2511,0,0.588
533,0,0.587
555,0,0.587
2840,0,0.587
1370,0,0.587
591,0,0.587
105,0,0.587
1430,0,0.587
1162,0,0.587
148,0,0.587
2815,0,0.587
2196,0,0.587
1861,0,0.587
323,0,0.587
2576,0,0.587
1462,0,0.587
2127,0,0.587
1080,0,0.587
1251,0,0.586
1439,0,0.586
264,0,0.586
1782,0,0.586
129,0,0.586
601,0,0.586
2917,0,0.586
95,0,0.586
2685,0,0.586
1374,0,0.586
2357,0,0.586
329,0,0.586
1577,0,0.586
2396,0,0.586
2102,0,0.586
2220,0,0.585
2425,0,0.585
1372,0,0.585
2788,0,0.585
1732,0,0.585
871,0,0.585
178,0,0.585
1914,0,0.585
870,0,0.585
1643,0,0.585
1595,0,0.585
806,0,0.585
1851,0,0.585
2014,0,0.585
2588,0,0.585
1702,0,0.585
903,0,0.585
2143,0,0.585
593,0,0.585
2982,0,0.585
253,0,0.584
300,0,0.584
2805,0,0.584
1794,0,0.584
941,0,0.584
2744,0,0.584
1244,0,0.584
723,0,0.584
417,0,0.584
1935,0,0.584
825,0,0.584
1805,0,0.584
1453,0,0.584
1151,0,0.584
192,0,0.584
1512,0,0.584
2370,0,0.584
1431,0,0.583
33,0,0.583
1638,0,0.583
2162,0,0.583
2016,0,0.583
225,0,0.583
122,0,0.583
2950,0,0.583
2146,0,0.583
948,0,0.583
1865,0,0.583
2267,0,0.583
1250,0,0.583
1235,0,0.583
2164,0,0.583
1211,0,0.582
681,0,0.582
442,0,0.582
962,0,0.582
1328,0,0.582
2905,0,0.582
1887,0,0.582
1708,0,0.582
1511,0,0.582
1675,0,0.582
1379,0,0.582
623,0,0.582
901,0,0.581
1667,0,0.581
2955,0,0.581
2525,0,0.581
2638,0,0.581
1262,0,0.581
131,0,0.581
2603,0,0.581
2056,0,0.581
1437,0,0.581
1124,0,0.581
1392,0,0.581
1336,0,0.58
718,0,0.58
1012,0,0.58
1380,0,0.58
2573,0,0.58
188,0,0.58
1902,0,0.58
1178,0,0.58
316,0,0.579
1524,0,0.579
2316,0,0.579
1760,0,0.579
907,0,0.579
503,0,0.579
1067,0,0.579
2497,0,0.579
2515,0,0.579
2274,0,0.579
2280,0,0.579
2926,0,0.578
132,0,0.578
1422,0,0.578
2130,0,0.578
2653,0,0.578
1802,0,0.578
2886,0,0.578
1647,0,0.578
2355,0,0.578
2112,0,0.578
1901,0,0.578
452,0,0.578
2742,0,0.578
1912,0,0.578
111,0,0.577
177,0,0.577
1126,0,0.577
1440,0,0.577
2391,0,0.577
1296,0,0.577
282,0,0.577
1879,0,0.577
2615,0,0.576
1130,0,0.576
65,0,0.576
2207,0,0.576
1037,0,0.576
2066,0,0.576
2428,0,0.576
241,0,0.575
1967,0,0.575
299,0,0.575
2904,0,0.575
545,0,0.575
1472,0,0.575
2349,0,0.575
1128,0,0.575
340,0,0.574
1579,0,0.574
1655,0,0.574
2951,0,0.574
2659,0,0.574
1391,0,0.574
2293,0,0.574
2035,0,0.573
2336,0,0.573
360,0,0.573
1920,0,0.573
1785,0,0.573
159,0,0.573
1458,0,0.573
2958,0,0.573
2464,0,0.573
2667,0,0.572
2159,0,0.572
1206,0,0.572
1329,0,0.572
1786,0,0.571
727,0,0.571
763,0,0.571
554,0,0.571
2850,0,0.57
381,0,0.57
1202,0,0.57
1633,0,0.569
2478,0,0.568
1129,0,0.568
2369,0,0.568
636,0,0.568
1091,0,0.567
2271,0,0.567
2804,0,0.567
2123,0,0.567
506,0,0.566
839,0,0.565
1314,0,0.565
2737,0,0.564
1939,0,0.564
183,0,0.563
2656,0,0.563
2806,0,0.563
922,0,0.563
1992,0,0.563
84,0,0.563
2263,0,0.562
158,0,0.562
1744,0,0.561
2783,0,0.561
2307,0,0.561
1305,0,0.56
1236,0,0.56
2422,0,0.557
916,0,0.557
690,0,0.554
1378,0,0.554
432,0,0.554
1961,0,0.552
2376,0,0.552
769,0,0.551
1463,0,0.551
1276,0,0.548
1450,0,0.548
2113,0,0.546
149,0,0.544
2660,0,0.543
989,0,0.543
229,0,0.543
2136,0,0.543
2826,0,0.542
1420,0,0.541
697,0,0.541
2718,0,0.541
1186,0,0.541
2848,0,0.541
583,0,0.54
2324,0,0.54
80,0,0.54
261,0,0.54
115,0,0.54
2632,0,0.539
2089,0,0.539
2524,0,0.539
669,0,0.539
2636,0,0.538
496,0,0.538
1303,0,0.538
905,0,0.537
402,0,0.537
651,0,0.537
2830,0,0.537
1455,0,0.536
1446,0,0.535
2394,0,0.535
2105,0,0.535
1607,0,0.535
292,0,0.535
1803,0,0.535
2990,0,0.534
964,0,0.533
2482,0,0.533
2290,0,0.532
2677,0,0.532
1680,0,0.532
2474,0,0.531
801,0,0.531
2288,0,0.531
954,0,0.531
2583,0,0.53
1424,0,0.53
633,0,0.53
848,0,0.53
1941,0,0.529
2916,0,0.529
90,0,0.529
2801,0,0.529
931,0,0.528
1930,0,0.528
2771,0,0.528
103,0,0.528
2042,0,0.527
231,0,0.527
2901,0,0.526
1892,0,0.526
180,0,0.526
1257,0,0.524
2790,0,0.523
2131,0,0.522
2622,0,0.522
1504,0,0.522
49,0,0.521
1381,0,0.521
1897,1,0.468
1109,1,0.468
2021,1,0.468
1635,1,0.468
510,1,0.468
1293,1,0.468
2791,1,0.468
1397,1,0.467
2984,1,0.467
42,1,0.467
2554,1,0.467
1104,1,0.466
751,1,0.466
2184,1,0.465
441,1,0.465
2109,1,0.465
2817,1,0.465
2225,1,0.465
2250,1,0.464
779,1,0.464
384,1,0.464
1092,1,0.463
1338,1,0.463
2135,1,0.463
971,1,0.463
2689,1,0.463
2198,1,0.463
2221,1,0.463
1557,1,0.462
2081,1,0.462
348,1,0.462
1297,1,0.462
642,1,0.462
2167,1,0.462
2608,1,0.462
260,1,0.462
1180,1,0.462
324,1,0.462
857,1,0.461
2785,1,0.461
2745,1,0.461
706,1,0.461
693,1,0.461
2186,1,0.461
2178,1,0.461
1968,1,0.461
607,1,0.461
1582,1,0.461
2330,1,0.461
2589,1,0.461
286,1,0.46
2594,1,0.46
791,1,0.46
336,1,0.46
310,1,0.46
2311,1,0.46
151,1,0.46
2372,1,0.46
1415,1,0.46
2434,1,0.46
2433,1,0.46
1531,1,0.46
2664,1,0.46
1610,1,0.46
2093,1,0.46
546,1,0.459
1147,1,0.459
101,1,0.459
511,1,0.459
2587,1,0.459
1324,1,0.459
2713,1,0.459
610,1,0.459
2720,1,0.459
676,1,0.459
811,1,0.459
2297,1,0.459
836,1,0.459
1781,1,0.459
2816,1,0.459
1759,1,0.459
1266,1,0.458
1616,1,0.458
1079,1,0.458
2752,1,0.458
2248,1,0.458
495,1,0.458
2010,1,0.458
2161,1,0.458
1999,1,0.458
2893,1,0.458
2149,1,0.458
567,1,0.458
2592,1,0.458
1560,1,0.458
104,1,0.458
2082,1,0.458
1335,1,0.458
1312,1,0.458
2754,1,0.458
2494,1,0.457
2693,1,0.457
1070,1,0.457
2027,1,0.457
2158,1,0.457
2548,1,0.457
4,1,0.457
392,1,0.457
2077,1,0.457
572,1,0.457
482,1,0.457
1788,1,0.457
85,1,0.457
1000,1,0.457
1280,1,0.457
380,1,0.457
2195,1,0.457
535,1,0.457
543,1,0.457
507,1,0.456
1163,1,0.456
2597,1,0.456
784,1,0.456
2856,1,0.456
1306,1,0.456
1108,1,0.456
2426,1,0.456
858,1,0.456
266,1,0.456
1709,1,0.456
2627,1,0.456
973,1,0.456
532,1,0.456
1210,1,0.456
2253,1,0.456
411,1,0.455
234,1,0.455
2203,1,0.455
1256,1,0.455
2784,1,0.455
2459,1,0.455
1874,1,0.455
1823,1,0.455
2455,1,0.455
39,1,0.455
1550,1,0.455
1671,1,0.455
560,1,0.455
11,1,0.455
272,1,0.455
179,1,0.455
301,1,0.455
923,1,0.455
1087,1,0.454
778,1,0.454
557,1,0.454
1605,1,0.454
59,1,0.454
24,1,0.454
2289,1,0.454
2108,1,0.454
2513,1,0.454
575,1,0.454
1976,1,0.454
491,1,0.454
2177,1,0.454
156,1,0.454
2224,1,0.454
838,1,0.454
332,1,0.454
1719,1,0.454
808,1,0.454
1867,1,0.454
2940,1,0.453
2553,1,0.453
97,1,0.453
1979,1,0.453
1399,1,0.453
2862,1,0.453
2249,1,0.453
2165,1,0.453
1330,1,0.453
686,1,0.453
1241,1,0.453
1996,1,0.453
649,1,0.453
448,1,0.453
1353,1,0.453
1817,1,0.453
1265,1,0.453
1871,1,0.453
1872,1,0.453
1830,1,0.453
2156,1,0.453
2730,1,0.453
311,1,0.453
2306,1,0.453
1581,1,0.452
1055,1,0.452
2604,1,0.452
2262,1,0.452
2837,1,0.452
2598,1,0.452
2315,1,0.452
1767,1,0.452
2620,1,0.452
1810,1,0.452
1249,1,0.452
1763,1,0.452
876,1,0.452
855,1,0.452
1770,1,0.452
2020,1,0.452
2993,1,0.452
2728,1,0.452
2405,1,0.452
1423,1,0.452
2760,1,0.452
655,1,0.452
880,1,0.452
2642,1,0.452
2879,1,0.452
1412,1,0.452
125,1,0.452
581,1,0.452
1082,1,0.452
2132,1,0.452
1047,1,0.452
1215,1,0.451
1994,1,0.451
1716,1,0.451
2723,1,0.451
347,1,0.451
2051,1,0.451
616,1,0.451
322,1,0.451
2472,1,0.451
949,1,0.451
2795,1,0.451
853,1,0.451
754,1,0.451
2389,1,0.451
2397,1,0.451
2586,1,0.451
81,1,0.451
1925,1,0.451
372,1,0.451
1532,1,0.451
2318,1,0.451
1891,1,0.451
1537,1,0.451
552,1,0.451
1563,1,0.451
2522,1,0.451
2502,1,0.451
892,1,0.451
167,1,0.451
2445,1,0.45
1727,1,0.45
2870,1,0.45
2423,1,0.45
1518,1,0.45
812,1,0.45
1606,1,0.45
2536,1,0.45
2222,1,0.45
1934,1,0.45
2631,1,0.45
1192,1,0.45
729,1,0.45
755,1,0.45
1870,1,0.45
1529,1,0.45
2489,1,0.45
68,1,0.45
2907,1,0.45
2941,1,0.45
327,1,0.45
277,1,0.45
2764,1,0.45
168,1,0.45
1405,1,0.45
2882,1,0.45
646,1,0.45
1442,1,0.45
1120,1,0.45
139,1,0.45
720,1,0.45
2313,1,0.45
1641,1,0.45
1016,1,0.45
1593,1,0.45
1054,1,0.45
1340,1,0.449
1945,1,0.449
2137,1,0.449
565,1,0.449
308,1,0.449
2988,1,0.449
63,1,0.449
970,1,0.449
577,1,0.449
2049,1,0.449
590,1,0.449
1556,1,0.449
1898,1,0.449
1793,1,0.449
2628,1,0.449
483,1,0.449
641,1,0.449
465,1,0.449
1229,1,0.449
1965,1,0.449
1637,1,0.449
1058,1,0.449
2823,1,0.449
1642,1,0.449
2261,1,0.449
1773,1,0.449
240,1,0.449
1746,1,0.449
934,1,0.449
1723,1,0.449
58,1,0.448
614,1,0.448
984,1,0.448
2683,1,0.448
2393,1,0.448
1132,1,0.448
1150,1,0.448
302,1,0.448
2121,1,0.448
1739,1,0.448
1406,1,0.448
1540,1,0.448
1334,1,0.448
2630,1,0.448
1906,1,0.448
1927,1,0.448
2235,1,0.448
1757,1,0.448
1750,1,0.448
1790,1,0.448
2382,1,0.448
1909,1,0.448
1936,1,0.448
477,1,0.448
937,1,0.448
622,1,0.448
1477,1,0.448
666,1,0.448
528,1,0.448
1311,1,0.448
759,1,0.448
1888,1,0.448
542,1,0.448
1528,1,0.448
2607,1,0.448
719,1,0.448
2505,1,0.448
2333,1,0.447
1859,1,0.447
1612,1,0.447
412,1,0.447
1975,1,0.447
1645,1,0.447
502,1,0.447
2183,1,0.447
1485,1,0.447
1725,1,0.447
1474,1,0.447
160,1,0.447
2649,1,0.447
2946,1,0.447
521,1,0.447
2711,1,0.447
952,1,0.447
137,1,0.447
568,1,0.447
2708,1,0.447
1209,1,0.447
1917,1,0.447
734,1,0.447
1469,1,0.447
2974,1,0.447
346,1,0.447
1564,1,0.446
2050,1,0.446
87,1,0.446
2964,1,0.446
40,1,0.446
2409,1,0.446
2792,1,0.446
2415,1,0.446
389,1,0.446
2410,1,0.446
2047,1,0.446
338,1,0.446
297,1,0.446
2798,1,0.446
2574,1,0.446
2282,1,0.446
877,1,0.446
1903,1,0.446
2117,1,0.446
722,1,0.446
772,1,0.446
758,1,0.446
1273,1,0.446
820,1,0.446
2353,1,0.446
1962,1,0.446
1470,1,0.446
688,1,0.446
1784,1,0.446
2160,1,0.446
827,1,0.445
2769,1,0.445
1834,1,0.445
218,1,0.445
429,1,0.445
835,1,0.445
1366,1,0.445
1837,1,0.445
2846,1,0.445
1868,1,0.445
2910,1,0.445
2277,1,0.445
408,1,0.445
733,1,0.445
1990,1,0.445
1112,1,0.445
1428,1,0.445
2448,1,0.445
1701,1,0.445
152,1,0.445
147,1,0.445
382,1,0.445
558,1,0.445
365,1,0.445
994,1,0.445
113,1,0.445
562,1,0.445
2563,1,0.445
2501,1,0.445
51,1,0.445
2994,1,0.445
2065,1,0.444
215,1,0.444
945,1,0.444
326,1,0.444
2155,1,0.444
1179,1,0.444
407,1,0.444
680,1,0.444
745,1,0.444
685,1,0.444
683,1,0.444
2052,1,0.444
2956,1,0.444
2025,1,0.444
1299,1,0.444
1384,1,0.444
2337,1,0.444
512,1,0.444
705,1,0.444
1395,1,0.444
828,1,0.444
1207,1,0.444
2234,1,0.444
1019,1,0.443
2623,1,0.443
2629,1,0.443
856,1,0.443
2260,1,0.443
466,1,0.443
1358,1,0.443
771,1,0.443
1885,1,0.443
1835,1,0.443
1551,1,0.443
2466,1,0.443
1359,1,0.443
2345,1,0.443
2346,1,0.443
2339,1,0.443
256,1,0.443
2802,1,0.443
1427,1,0.443
1938,1,0.443
2150,1,0.443
1196,1,0.443
881,1,0.443
1185,1,0.443
960,1,0.443
189,1,0.443
2759,1,0.443
2885,1,0.443
1418,1,0.442
1268,1,0.442
595,1,0.442
707,1,0.442
744,1,0.442
362,1,0.442
202,1,0.442
2197,1,0.442
61,1,0.442
1533,1,0.442
2895,1,0.442
2407,1,0.442
476,1,0.442
1279,1,0.442
1274,1,0.442
2746,1,0.442
980,1,0.442
2266,1,0.442
2325,1,0.442
471,1,0.442
390,1,0.442
612,1,0.442
585,1,0.442
1089,1,0.442
2145,1,0.442
2800,1,0.442
2666,1,0.442
1473,1,0.442
2172,1,0.441
1662,1,0.441
245,1,0.441
268,1,0.441
1465,1,0.441
318,1,0.441
1471,1,0.441
959,1,0.441
885,1,0.441
173,1,0.441
1300,1,0.441
1326,1,0.441
668,1,0.441
2503,1,0.441
2457,1,0.441
2408,1,0.441
2360,1,0.441
2412,1,0.441
2947,1,0.441
1957,1,0.441
1517,1,0.441
2672,1,0.441
1034,1,0.441
1044,1,0.441
1173,1,0.441
1623,1,0.441
193,1,0.441
270,1,0.441
1650,1,0.441
2310,1,0.441
519,1,0.441
2269,1,0.441
1396,1,0.441
150,1,0.441
715,1,0.441
2354,1,0.441
2542,1,0.441
501,1,0.441
1921,1,0.441
898,1,0.441
1913,1,0.441
2787,1,0.441
2775,1,0.44
1958,1,0.44
1516,1,0.44
1490,1,0.44
965,1,0.44
2725,1,0.44
354,1,0.44
2812,1,0.44
2827,1,0.44
2043,1,0.44
2003,1,0.44
1836,1,0.44
1352,1,0.44
34,1,0.44
117,1,0.44
2045,1,0.44
1787,1,0.44
2392,1,0.44
764,1,0.44
1230,1,0.44
1900,1,0.44
2214,1,0.44
1753,1,0.44
2431,1,0.44
1792,1,0.44
635,1,0.44
644,1,0.44
77,1,0.44
1480,1,0.439
882,1,0.439
284,1,0.439
1271,1,0.439
166,1,0.439
1809,1,0.439
652,1,0.439
1347,1,0.439
580,1,0.439
547,1,0.439
841,1,0.439
2340,1,0.439
1876,1,0.439
2650,1,0.439
2328,1,0.439
469,1,0.439
2188,1,0.439
1398,1,0.439
2584,1,0.439
2756,1,0.439
1626,1,0.439
1989,1,0.439
1014,1,0.439
184,1,0.439
196,1,0.439
1102,1,0.439
2107,1,0.439
910,1,0.439
1026,1,0.438
2962,1,0.438
1978,1,0.438
1028,1,0.438
2097,1,0.438
195,1,0.438
219,1,0.438
359,1,0.438
1435,1,0.438
2699,1,0.438
966,1,0.438
1510,1,0.438
258,1,0.438
967,1,0.438
947,1,0.438
204,1,0.438
203,1,0.438
2841,1,0.438
298,1,0.438
2101,1,0.438
414,1,0.438
1258,1,0.438
805,1,0.438
492,1,0.438
430,1,0.438
1883,1,0.438
1907,1,0.438
371,1,0.438
2281,1,0.438
2308,1,0.438
2398,1,0.438
1349,1,0.438
1325,1,0.438
1845,1,0.438
1869,1,0.438
2465,1,0.438
2948,1,0.438
2868,1,0.438
96,1,0.438
1589,1,0.437
1567,1,0.437
1318,1,0.437
54,1,0.437
589,1,0.437
536,1,0.437
631,1,0.437
1320,1,0.437
1742,1,0.437
464,1,0.437
2733,1,0.437
1682,1,0.437
385,1,0.437
2646,1,0.437
765,1,0.437
271,1,0.437
2845,1,0.437
2741,1,0.437
1136,1,0.437
2140,1,0.437
2058,1,0.437
2194,1,0.436
2199,1,0.436
619,1,0.436
596,1,0.436
2229,1,0.436
891,1,0.436
900,1,0.436
343,1,0.436
1499,1,0.436
2154,1,0.436
787,1,0.436
421,1,0.436
209,1,0.436
615,1,0.436
1832,1,0.436
2033,1,0.436
2944,1,0.436
1346,1,0.436
182,1,0.436
100,1,0.436
1555,1,0.435
1850,1,0.435
592,1,0.435
2538,1,0.435
2413,1,0.435
2924,1,0.435
1740,1,0.435
2275,1,0.435
2268,1,0.435
2321,1,0.435
403,1,0.435
1731,1,0.435
2626,1,0.435
415,1,0.435
1619,1,0.435
1111,1,0.435
26,1,0.435
1144,1,0.435
1670,1,0.435
944,1,0.435
2118,1,0.435
995,1,0.435
2558,1,0.434
135,1,0.434
2453,1,0.434
2709,1,0.434
257,1,0.434
1212,1,0.434
2223,1,0.434
43,1,0.434
570,1,0.434
2427,1,0.434
1327,1,0.434
1339,1,0.434
597,1,0.434
2543,1,0.434
1748,1,0.434
480,1,0.434
62,1,0.434
2968,1,0.433
2776,1,0.433
1035,1,0.433
1332,1,0.433
1404,1,0.433
2571,1,0.433
658,1,0.433
2743,1,0.433
1009,1,0.433
2092,1,0.433
2625,1,0.433
2228,1,0.433
817,1,0.433
2302,1,0.433
1436,1,0.433
2875,1,0.433
1093,1,0.433
1232,1,0.433
2681,1,0.432
2071,1,0.432
20,1,0.432
2843,1,0.432
1660,1,0.432
664,1,0.432
709,1,0.432
1700,1,0.432
2416,1,0.432
1302,1,0.432
162,1,0.432
2987,1,0.432
136,1,0.432
818,1,0.432
774,1,0.432
924,1,0.431
1183,1,0.431
210,1,0.431
383,1,0.431
2753,1,0.431
1949,1,0.431
1345,1,0.431
2432,1,0.431
2561,1,0.431
2473,1,0.431
620,1,0.431
1798,1,0.431
2303,1,0.431
2921,1,0.431
2864,1,0.431
2012,1,0.431
2918,1,0.431
2332,1,0.431
2978,1,0.431
527,1,0.43
2476,1,0.43
2080,1,0.43
843,1,0.43
1429,1,0.43
932,1,0.43
762,1,0.43
2991,1,0.43
518,1,0.43
2421,1,0.43
1085,1,0.43
1409,1,0.429
1587,1,0.429
1575,1,0.429
556,1,0.429
275,1,0.429
14,1,0.429
2479,1,0.429
675,1,0.429
2609,1,0.429
2809,1,0.429
833,1,0.428
1591,1,0.428
1541,1,0.428
2350,1,0.428
2520,1,0.428
53,1,0.428
1542,1,0.427
1475,1,0.427
2037,1,0.427
200,1,0.427
1942,1,0.427
1403,1,0.427
2726,1,0.427
854,1,0.427
2648,1,0.427
2853,1,0.427
515,1,0.427
172,1,0.426
1264,1,0.426
1852,1,0.426
66,1,0.426
1825,1,0.426
2029,1,0.426
1166,1,0.426
1507,1,0.426
2651,1,0.426
406,1,0.426
1160,1,0.426
961,1,0.426
748,1,0.425
2205,1,0.425
1481,1,0.425
1668,1,0.425
313,1,0.425
2057,1,0.425
467,1,0.425
1854,1,0.425
226,1,0.424
1410,1,0.424
2867,1,0.424
1558,1,0.424
2335,1,0.424
1493,1,0.424
410,1,0.424
393,1,0.424
844,1,0.424
2605,1,0.423
1484,1,0.423
2616,1,0.423
1444,1,0.423
2858,1,0.423
28,1,0.423
1565,1,0.423
93,1,0.423
904,1,0.423
294,1,0.423
1041,1,0.423
350,1,0.423
2103,1,0.422
330,1,0.422
339,1,0.422
2695,1,0.422
2927,1,0.422
1248,1,0.422
1818,1,0.422
141,1,0.422
1735,1,0.422
2863,1,0.421
2011,1,0.421
1307,1,0.421
1253,1,0.421
1242,1,0.421
725,1,0.421
1747,1,0.421
713,1,0.421
1445,1,0.421
1908,1,0.421
842,1,0.421
1686,1,0.421
1432,1,0.421
1191,1,0.421
1515,1,0.421
1495,1,0.421
2813,1,0.421
2139,1,0.421
1065,1,0.421
19,1,0.42
2925,1,0.42
1239,1,0.42
832,1,0.42
201,1,0.42
1005,1,0.42
776,1,0.42
2147,1,0.42
289,1,0.42
314,1,0.42
2085,1,0.42
1768,1,0.42
1443,1,0.42
2233,1,0.42
2403,1,0.42
2001,1,0.42
2514,1,0.42
1387,1,0.42
1322,1,0.42
573,1,0.42
1811,1,0.42
579,1,0.42
2715,1,0.419
942,1,0.419
2190,1,0.419
908,1,0.419
2896,1,0.419
2491,1,0.419
1783,1,0.419
1287,1,0.419
1277,1,0.419
1282,1,0.419
1706,1,0.419
222,1,0.419
687,1,0.419
956,1,0.419
445,1,0.418
711,1,0.418
1864,1,0.418
1323,1,0.418
810,1,0.418
2569,1,0.418
2880,1,0.418
1636,1,0.418
2981,1,0.418
123,1,0.418
1948,1,0.418
1663,1,0.418
102,1,0.418
540,1,0.418
2526,1,0.418
128,1,0.418
1580,1,0.418
2539,1,0.418
1722,1,0.417
2913,1,0.417
1795,1,0.417
1776,1,0.417
2899,1,0.417
895,1,0.417
523,1,0.417
2533,1,0.417
134,1,0.417
928,1,0.417
1711,1,0.417
2770,1,0.417
2238,1,0.417
1905,1,0.417
902,1,0.417
1856,1,0.417
785,1,0.417
975,1,0.417
2878,1,0.417
2034,1,0.417
1684,1,0.417
2005,1,0.417
2727,1,0.417
1572,1,0.417
867,1,0.417
2818,1,0.417
2655,1,0.416
1736,1,0.416
2206,1,0.416
2796,1,0.416
2031,1,0.416
1535,1,0.416
2637,1,0.416
1449,1,0.416
2018,1,0.416
1181,1,0.416
794,1,0.416
1500,1,0.416
2887,1,0.416
2083,1,0.415
2384,1,0.415
112,1,0.415
361,1,0.415
1886,1,0.415
2712,1,0.415
2022,1,0.415
849,1,0.415
1726,1,0.415
789,1,0.414
2890,1,0.414
397,1,0.414
2859,1,0.414
2972,1,0.414
238,1,0.414
416,1,0.414
2822,1,0.414
691,1,0.414
2363,1,0.414
640,1,0.414
281,1,0.414
717,1,0.414
1200,1,0.414
1814,1,0.414
939,1,0.414
1628,1,0.414
2516,1,0.413
1098,1,0.413
576,1,0.413
2825,1,0.413
165,1,0.413
1613,1,0.413
1057,1,0.413
946,1,0.413
1222,1,0.413
768,1,0.413
868,1,0.413
1919,1,0.413
1464,1,0.413
2703,1,0.413
2334,1,0.413
175,1,0.413
352,1,0.413
1895,1,0.413
2566,1,0.413
2375,1,0.413
2323,1,0.413
306,1,0.413
1165,1,0.412
157,1,0.412
2120,1,0.412
70,1,0.412
2919,1,0.412
1539,1,0.412
752,1,0.412
2807,1,0.412
1498,1,0.412
639,1,0.412
263,1,0.412
1291,1,0.412
737,1,0.412
2200,1,0.412
1821,1,0.412
865,1,0.412
1321,1,0.412
1078,1,0.412
489,1,0.412
2395,1,0.412
1649,1,0.412
2173,1,0.412
1460,1,0.412
1734,1,0.412
2952,1,0.412
1175,1,0.412
1519,1,0.412
46,1,0.412
1064,1,0.412
2061,1,0.412
1570,1,0.412
2983,1,0.411
1576,1,0.411
2969,1,0.411
1350,1,0.411
1797,1,0.411
2898,1,0.411
2549,1,0.411
1849,1,0.411
388,1,0.411
2682,1,0.411
1263,1,0.411
1984,1,0.411
637,1,0.411
2698,1,0.411
1441,1,0.411
671,1,0.411
673,1,0.411
878,1,0.411
2383,1,0.411
269,1,0.411
1951,1,0.411
2008,1,0.411
2078,1,0.411
1137,1,0.411
1105,1,0.411
788,1,0.411
1552,1,0.411
71,1,0.411
335,1,0.411
1489,1,0.411
1621,1,0.411
488,1,0.411
599,1,0.411
2327,1,0.411
2304,1,0.411
1878,1,0.411
695,1,0.411
823,1,0.411
2735,1,0.411
1717,1,0.41
860,1,0.41
831,1,0.41
753,1,0.41
288,1,0.41
1889,1,0.41
472,1,0.41
1893,1,0.41
197,1,0.41
2903,1,0.41
1981,1,0.41
1980,1,0.41
1389,1,0.41
1629,1,0.41
724,1,0.41
1526,1,0.41
396,1,0.41
2577,1,0.41
2252,1,0.41
847,1,0.41
1354,1,0.41
2485,1,0.41
1317,1,0.41
2662,1,0.41
2390,1,0.41
2593,1,0.41
126,1,0.41
1117,1,0.41
2309,1,0.41
1597,1,0.409
2541,1,0.409
2973,1,0.409
2284,1,0.409
1246,1,0.409
1278,1,0.409
1233,1,0.409
2844,1,0.409
990,1,0.409
186,1,0.409
1634,1,0.409
2528,1,0.409
2995,1,0.409
1038,1,0.409
531,1,0.409
2192,1,0.409
909,1,0.409
674,1,0.409
1214,1,0.409
377,1,0.409
1866,1,0.409
2665,1,0.409
2675,1,0.409
2388,1,0.409
1197,1,0.409
851,1,0.409
1651,1,0.409
2265,1,0.409
1755,1,0.409
2794,1,0.409
1408,1,0.409
893,1,0.409
2714,1,0.409
2877,1,0.409
981,1,0.409
1815,1,0.409
1301,1,0.409
1341,1,0.409
770,1,0.409
730,1,0.409
516,1,0.408
497,1,0.408
2552,1,0.408
2069,1,0.408
2084,1,0.408
2909,1,0.408
52,1,0.408
2999,1,0.408
1176,1,0.408
2076,1,0.408
1195,1,0.408
1319,1,0.408
653,1,0.408
645,1,0.408
2444,1,0.408
376,1,0.408
2654,1,0.408
2687,1,0.408
2694,1,0.408
2226,1,0.408
2241,1,0.408
1853,1,0.408
2023,1,0.408
2181,1,0.408
1461,1,0.408
239,1,0.408
1926,1,0.408
214,1,0.408
2793,1,0.408
2789,1,0.408
603,1,0.408
1368,1,0.408
1497,1,0.408
2091,1,0.408
470,1,0.408
315,1,0.408
2876,1,0.408
227,1,0.408
2872,1,0.408
1630,1,0.408
337,1,0.408
1688,1,0.408
1703,1,0.408
106,1,0.407
2997,1,0.407
287,1,0.407
739,1,0.407
2287,1,0.407
1447,1,0.407
2171,1,0.407
654,1,0.407
2216,1,0.407
714,1,0.407
2643,1,0.407
2692,1,0.407
1710,1,0.407
660,1,0.407
1614,1,0.407
1799,1,0.407
1152,1,0.407
1584,1,0.407
2498,1,0.407
22,1,0.407
2104,1,0.407
1496,1,0.407
2462,1,0.407
2463,1,0.407
1143,1,0.407
699,1,0.406
736,1,0.406
1679,1,0.406
574,1,0.406
174,1,0.406
1822,1,0.406
461,1,0.406
2797,1,0.406
608,1,0.406
629,1,0.406
2099,1,0.406
2096,1,0.406
1036,1,0.406
2537,1,0.406
505,1,0.406
2048,1,0.406
185,1,0.406
2565,1,0.406
474,1,0.406
13,1,0.406
1694,1,0.406
2270,1,0.406
2367,1,0.406
2128,1,0.406
2669,1,0.406
1923,1,0.406
1213,1,0.405
1259,1,0.405
2748,1,0.405
2247,1,0.405
1081,1,0.405
2359,1,0.405
1072,1,0.405
2957,1,0.405
10,1,0.405
400,1,0.405
440,1,0.405
972,1,0.405
943,1,0.405
76,1,0.405
2731,1,0.405
2341,1,0.405
2351,1,0.405
2881,1,0.405
1083,1,0.405
211,1,0.405
2468,1,0.405
564,1,0.405
632,1,0.405
454,1,0.405
2151,1,0.405
2467,1,0.405
1752,1,0.405
986,1,0.405
2980,1,0.405
18,1,0.405
2098,1,0.405
2555,1,0.405
513,1,0.405
1356,1,0.405
1812,1,0.405
976,1,0.404
2833,1,0.404
64,1,0.404
1355,1,0.404
2504,1,0.404
1331,1,0.404
813,1,0.404
830,1,0.404
358,1,0.404
334,1,0.404
2724,1,0.404
1971,1,0.404
405,1,0.404
437,1,0.404
837,1,0.404
2932,1,0.404
9,1,0.404
864,1,0.404
2701,1,0.404
1848,1,0.404
940,1,0.404
2619,1,0.404
2348,1,0.404
98,1,0.404
2278,1,0.404
2915,1,0.404
1361,1,0.403
2212,1,0.403
398,1,0.403
401,1,0.403
816,1,0.403
919,1,0.403
367,1,0.403
2420,1,0.403
2362,1,0.403
2707,1,0.403
701,1,0.403
251,1,0.403
487,1,0.403
1027,1,0.403
500,1,0.403
1644,1,0.403
2087,1,0.403
460,1,0.403
1154,1,0.403
119,1,0.402
2836,1,0.402
1617,1,0.402
1006,1,0.402
2612,1,0.402
587,1,0.402
2469,1,0.402
1592,1,0.402
2550,1,0.402
1950,1,0.402
957,1,0.402
866,1,0.402
1718,1,0.402
2417,1,0.402
2437,1,0.402
2702,1,0.402
2738,1,0.402
795,1,0.402
1123,1,0.402
8,1,0.402
2928,1,0.402
1676,1,0.402
1514,1,0.402
2766,1,0.402
455,1,0.402
2180,1,0.402
2443,1,0.402
1254,1,0.402
276,1,0.402
2530,1,0.402
1478,1,0.402
2366,1,0.401
75,1,0.401
921,1,0.401
2757,1,0.401
2237,1,0.401
2169,1,0.401
1697,1,0.401
1858,1,0.401
2244,1,0.401
1198,1,0.401
83,1,0.401
740,1,0.401
2509,1,0.401
997,1,0.401
2401,1,0.401
1187,1,0.401
602,1,0.401
1295,1,0.401
1138,1,0.401
1413,1,0.401
977,1,0.401
2090,1,0.401
1547,1,0.401
199,1,0.401
679,1,0.4
663,1,0.4
431,1,0.4
1158,1,0.4
2540,1,0.4
1024,1,0.4
1766,1,0.4
1764,1,0.4
1377,1,0.4
1585,1,0.4
1588,1,0.4
2824,1,0.4
1194,1,0.4
950,1,0.4
2618,1,0.4
896,1,0.4
2219,1,0.4
1652,1,0.4
2213,1,0.4
869,1,0.4
2243,1,0.4
1272,1,0.4
2673,1,0.4
12,1,0.4
1068,1,0.4
2072,1,0.4
2732,1,0.4
2740,1,0.4
1040,1,0.4
1838,1,0.4
1733,1,0.4
2747,1,0.4
2600,1,0.4
413,1,0.4
1148,1,0.4
2452,1,0.4
208,1,0.4
1728,1,0.399
2402,1,0.399
2750,1,0.399
373,1,0.399
304,1,0.399
1998,1,0.399
1252,1,0.399
2296,1,0.399
2943,1,0.399
1741,1,0.399
1729,1,0.399
1712,1,0.399
951,1,0.399
2454,1,0.399
2460,1,0.399
223,1,0.399
1156,1,0.399
1145,1,0.399
894,1,0.399
650,1,0.399
1308,1,0.399
2138,1,0.399
1003,1,0.399
1789,1,0.399
69,1,0.399
1574,1,0.399
2986,1,0.399
35,1,0.399
2961,1,0.399
1051,1,0.398
27,1,0.398
1053,1,0.398
1544,1,0.398
1974,1,0.398
1578,1,0.398
1224,1,0.398
110,1,0.398
2851,1,0.398
700,1,0.398
1002,1,0.398
2447,1,0.398
2585,1,0.398
280,1,0.398
2729,1,0.398
2799,1,0.398
936,1,0.398
1220,1,0.398
1227,1,0.397
897,1,0.397
1260,1,0.397
2073,1,0.397
2912,1,0.397
349,1,0.397
1882,1,0.397
883,1,0.397
259,1,0.397
67,1,0.397
2832,1,0.397
198,1,0.397
2624,1,0.397
703,1,0.397
625,1,0.397
2062,1,0.397
1501,1,0.397
2424,1,0.396
176,1,0.396
662,1,0.396
2429,1,0.396
2028,1,0.396
665,1,0.396
2133,1,0.396
846,1,0.396
1043,1,0.396
1376,1,0.396
2523,1,0.396
1915,1,0.396
2722,1,0.396
1522,1,0.396
1146,1,0.396
1824,1,0.396
2647,1,0.396
2264,1,0.396
395,1,0.396
325,1,0.396
1401,1,0.396
766,1,0.396
1743,1,0.396
2782,1,0.395
1969,1,0.395
2125,1,0.395
979,1,0.395
2639,1,0.395
2342,1,0.395
1940,1,0.395
504,1,0.395
2529,1,0.395
355,1,0.395
696,1,0.395
1569,1,0.395
2007,1,0.395
2013,1,0.394
1069,1,0.394
1995,1,0.394
2634,1,0.394
2236,1,0.394
2989,1,0.394
802,1,0.394
57,1,0.394
2884,1,0.394
1049,1,0.394
906,1,0.394
2768,1,0.394
1946,1,0.394
1863,1,0.394
1243,1,0.394
2343,1,0.394
2527,1,0.394
1255,1,0.394
1698,1,0.394
1754,1,0.394
1056,1,0.393
2210,1,0.393
621,1,0.393
2842,1,0.393
2855,1,0.393
1653,1,0.393
1190,1,0.393
2897,1,0.393
1931,1,0.393
1457,1,0.393
1677,1,0.393
1880,1,0.393
1348,1,0.393
2828,1,0.392
486,1,0.392
2945,1,0.392
426,1,0.392
498,1,0.392
2547,1,0.392
333,1,0.392
1184,1,0.392
1487,1,0.392
283,1,0.392
1042,1,0.392
1169,1,0.392
656,1,0.392
2891,1,0.392
94,1,0.392
1583,1,0.391
2055,1,0.391
1737,1,0.391
1114,1,0.391
2314,1,0.391
342,1,0.391
1791,1,0.391
1385,1,0.391
1371,1,0.391
548,1,0.391
2344,1,0.391
1270,1,0.391
2705,1,0.391
1267,1,0.391
955,1,0.391
1947,1,0.391
1483,1,0.391
262,1,0.391
331,1,0.391
630,1,0.391
2621,1,0.391
2373,1,0.39
1076,1,0.39
1221,1,0.39
2119,1,0.39
1545,1,0.39
1796,1,0.39
2026,1,0.39
72,1,0.39
692,1,0.39
2291,1,0.39
2734,1,0.39
780,1,0.39
862,1,0.39
2749,1,0.39
1683,1,0.39
667,1,0.39
1622,1,0.39
1704,1,0.39
2670,1,0.39
1438,1,0.39
434,1,0.389
1131,1,0.389
2246,1,0.389
1715,1,0.389
1618,1,0.389
1506,1,0.389
369,1,0.389
2352,1,0.389
2063,1,0.389
1097,1,0.388
1393,1,0.388
116,1,0.388
1665,1,0.387
985,1,0.387
606,1,0.387
2831,1,0.387
17,1,0.387
525,1,0.387
2641,1,0.387
889,1,0.387
1964,1,0.387
2717,1,0.387
2590,1,0.387
1362,1,0.387
742,1,0.387
1223,1,0.386
2535,1,0.386
529,1,0.386
344,1,0.386
378,1,0.386
2106,1,0.386
2582,1,0.386
2378,1,0.386
2481,1,0.385
424,1,0.385
834,1,0.385
2676,1,0.385
2231,1,0.385
566,1,0.385
1988,1,0.385
1466,1,0.385
2512,1,0.385
1771,1,0.384
2202,1,0.384
56,1,0.384
124,1,0.384
2819,1,0.384
2114,1,0.383
1779,1,0.383
1407,1,0.382
571,1,0.382
1029,1,0.382
1959,1,0.382
140,1,0.382
2496,1,0.381
2814,1,0.381
1843,1,0.381
712,1,0.381
3,1,0.38
459,1,0.38
1658,1,0.38
1738,1,0.38
1624,1,0.379
1954,1,0.379
1690,1,0.379
613,1,0.378
1899,1,0.377
1077,1,0.377
2255,1,0.376
1521,1,0.375
1426,1,0.375
418,1,0.374
1819,1,0.374
366,1,0.374
888,1,0.373
2273,1,0.372
1240,1,0.372
109,1,0.371
1119,1,0.371
1343,1,0.371
1932,1,0.371
682,1,0.37
1666,1,0.369
605,1,0.369
2873,1,0.368
78,1,0.368
1807,1,0.368
913,1,0.368
588,1,0.368
2441,1,0.367
1758,1,0.365
1993,1,0.365
1841,1,0.364
2781,1,0.364
1025,1,0.364
190,1,0.362
2272,1,0.361
1534,1,0.361
1627,1,0.36
2937,1,0.36
2374,1,0.36
1088,1,0.36
2865,1,0.359
1611,1,0.359
1554,1,0.359
1298,1,0.359
2387,1,0.359
1657,1,0.359
427,1,0.358
1113,1,0.358
792,1,0.358
2380,1,0.358
2170,1,0.358
2100,1,0.358
7,1,0.357
1916,1,0.357
1425,1,0.357
1245,1,0.357
1017,1,0.357
998,1,0.357
749,1,0.357
1973,1,0.357
1720,1,0.357
1604,1,0.357
2209,1,0.357
1596,1,0.357
309,1,0.356
213,1,0.356
872,1,0.356
1625,1,0.356
2347,1,0.356
1669,1,0.355
775,1,0.355
845,1,0.355
2661,1,0.355
328,1,0.355
232,1,0.355
551,1,0.355
1762,1,0.355
1840,1,0.355
2404,1,0.355
2142,1,0.354
1656,1,0.354
1775,1,0.354
1808,1,0.354
2559,1,0.354
996,1,0.354
1203,1,0.354
2331,1,0.354
394,1,0.353
1135,1,0.353
2004,1,0.353
2201,1,0.353
800,1,0.353
244,1,0.353
1369,1,0.353
436,1,0.353
1631,1,0.353
2430,1,0.352
1911,1,0.352
2251,1,0.352
2678,1,0.352
1204,1,0.352
2847,1,0.352
1090,1,0.352
974,1,0.351
2518,1,0.351
2064,1,0.351
524,1,0.351
2763,1,0.35
2557,1,0.35
2379,1,0.35
191,1,0.35
750,1,0.35
702,1,0.349
746,1,0.349
1134,1,0.349
1388,1,0.349
2124,1,0.349
1847,1,0.348
1761,1,0.348
2710,1,0.348
1357,1,0.348
2596,1,0.347
478,1,0.347
2385,1,0.347
1691,1,0.347
146,1,0.347
142,1,0.347
236,1,0.347
118,1,0.346
677,1,0.346
2697,1,0.346
2320,1,0.346
2849,1,0.346
2614,1,0.346
627,1,0.346
169,1,0.345
2534,1,0.345
517,1,0.345
925,1,0.345
91,1,0.344
2480,1,0.344
537,1,0.344
1337,1,0.344
1269,1,0.344
2874,1,0.343
1454,1,0.343
79,1,0.343
1860,1,0.342
1502,1,0.342
1157,1,0.342
1153,1,0.342
2227,1,0.342
2579,1,0.341
1800,1,0.341
1122,1,0.341
2456,1,0.341
364,1,0.341
55,1,0.34
1116,1,0.34
1924,1,0.34
708,1,0.34
2680,1,0.34
25,1,0.339
